insert into card_types (type_id, name)
values (1, 'AdministratorCard'),
       (2, 'ClientCard');

insert into user_roles (role_id, name)
values (1, 'Administrator'),
       (2, 'Client');

INSERT INTO "persons" ("first_name", "last_name")
VALUES ('Emma', 'Wilson'),
       ('Liam', 'Johnson'),
       ('Olivia', 'Smith'),
       ('Noah', 'Brown'),
       ('Ava', 'Taylor'),
       ('Sophia', 'Jones'),
       ('Isabella', 'Miller'),
       ('Mia', 'Davis'),
       ('Charlotte', 'Anderson'),
       ('Amelia', 'Wilson'),
       ('Harper', 'Johnson'),
       ('Evelyn', 'Smith'),
       ('Abigail', 'Brown'),
       ('Emily', 'Taylor'),
       ('Elizabeth', 'Jones'),
       ('Mila', 'Miller'),
       ('Ella', 'Davis'),
       ('Avery', 'Anderson'),
       ('Sofia', 'Wilson'),
       ('Camila', 'Johnson'),
       ('Aria', 'Smith'),
       ('Scarlett', 'Brown'),
       ('Victoria', 'Taylor'),
       ('Madison', 'Jones'),
       ('Luna', 'Miller'),
       ('Grace', 'Davis'),
       ('Chloe', 'Anderson'),
       ('Penelope', 'Wilson'),
       ('Layla', 'Johnson'),
       ('Riley', 'Smith'),
       ('Zoey', 'Brown'),
       ('Nora', 'Taylor'),
       ('Lily', 'Jones'),
       ('Eleanor', 'Miller'),
       ('Hannah', 'Davis'),
       ('Lillian', 'Anderson'),
       ('Addison', 'Wilson'),
       ('Aubrey', 'Johnson'),
       ('Ellie', 'Smith'),
       ('Stella', 'Brown'),
       ('Natalie', 'Taylor'),
       ('Zoe', 'Jones'),
       ('Leah', 'Miller'),
       ('Hazel', 'Davis'),
       ('Violet', 'Anderson'),
       ('Aurora', 'Wilson'),
       ('Savannah', 'Johnson'),
       ('Audrey', 'Smith'),
       ('Brooklyn', 'Brown'),
       ('Bella', 'Taylor'),
       ('Claire', 'Jones'),
       ('Skylar', 'Miller'),
       ('Lucy', 'Davis'),
       ('Paisley', 'Anderson'),
       ('Everly', 'Wilson'),
       ('Anna', 'Johnson'),
       ('Caroline', 'Smith'),
       ('Nova', 'Brown'),
       ('Genesis', 'Taylor'),
       ('Emilia', 'Jones'),
       ('Kennedy', 'Miller'),
       ('Samantha', 'Davis'),
       ('Maya', 'Anderson'),
       ('Willow', 'Wilson'),
       ('Kinsley', 'Johnson'),
       ('Naomi', 'Smith'),
       ('Aaliyah', 'Brown'),
       ('Elena', 'Taylor'),
       ('Sarah', 'Jones'),
       ('Ariana', 'Miller'),
       ('Allison', 'Davis'),
       ('Gabriella', 'Anderson'),
       ('Alice', 'Wilson'),
       ('Madelyn', 'Johnson'),
       ('Cora', 'Smith'),
       ('Ruby', 'Brown'),
       ('Eva', 'Taylor'),
       ('Serenity', 'Jones'),
       ('Autumn', 'Miller'),
       ('Adeline', 'Davis'),
       ('Hailey', 'Anderson'),
       ('Gianna', 'Wilson'),
       ('Valentina', 'Johnson'),
       ('Isla', 'Smith'),
       ('Eliana', 'Brown'),
       ('Quinn', 'Taylor'),
       ('Nevaeh', 'Jones'),
       ('Ivy', 'Miller'),
       ('Sadie', 'Davis'),
       ('Piper', 'Anderson'),
       ('Lydia', 'Wilson'),
       ('Alexa', 'Johnson'),
       ('Josephine', 'Smith'),
       ('Emery', 'Brown'),
       ('Julia', 'Taylor'),
       ('Delilah', 'Jones'),
       ('Arianna', 'Miller'),
       ('Vivian', 'Davis'),
       ('Kaylee', 'Anderson'),
       ('Sophie', 'Wilson'),
       ('Brielle', 'Johnson'),
       ('Madeline', 'Smith'),
       ('Peyton', 'Brown'),
       ('Rylee', 'Taylor'),
       ('Clara', 'Jones'),
       ('Hadley', 'Miller'),
       ('Melanie', 'Davis'),
       ('Mackenzie', 'Anderson'),
       ('Reagan', 'Wilson'),
       ('Adalynn', 'Johnson'),
       ('Lila', 'Smith');

insert into users (user_id, status, person_id, role_id)
values (1, 'active', 1, 1),
       (2, 'active', 2, 1),
       (3, 'active', 3, 2),
       (4, 'active', 4, 2),
       (5, 'active', 5, 2),
       (6, 'active', 6, 2),
       (7, 'active', 7, 2),
       (8, 'active', 8, 2),
       (9, 'active', 9, 2),
       (10, 'active', 10, 2),
       (11, 'active', 11, 2),
       (12, 'active', 12, 2),
       (13, 'active', 13, 2),
       (14, 'active', 14, 2),
       (15, 'active', 15, 2),
       (16, 'active', 16, 2),
       (17, 'active', 17, 2),
       (18, 'active', 18, 2),
       (19, 'active', 19, 2),
       (20, 'active', 20, 2),
       (21, 'active', 21, 2),
       (22, 'active', 22, 2),
       (23, 'active', 23, 2),
       (24, 'active', 24, 2),
       (25, 'active', 25, 2),
       (26, 'active', 26, 2),
       (27, 'active', 27, 2),
       (28, 'active', 28, 2),
       (29, 'active', 29, 2),
       (30, 'active', 30, 2),
       (31, 'active', 31, 2),
       (32, 'active', 32, 2),
       (33, 'active', 33, 2),
       (34, 'active', 34, 2),
       (35, 'active', 35, 2),
       (36, 'active', 36, 2),
       (37, 'active', 37, 2),
       (38, 'active', 38, 2),
       (39, 'active', 39, 2),
       (40, 'active', 40, 2),
       (41, 'active', 41, 2),
       (42, 'active', 42, 2),
       (43, 'active', 43, 2),
       (44, 'active', 44, 2),
       (45, 'active', 45, 2),
       (46, 'active', 46, 2),
       (47, 'active', 47, 2),
       (48, 'active', 48, 2),
       (49, 'active', 49, 2),
       (50, 'active', 50, 2),
       (51, 'active', 51, 2),
       (52, 'active', 52, 2),
       (53, 'active', 53, 2),
       (54, 'active', 54, 2),
       (55, 'active', 55, 2),
       (56, 'active', 56, 2),
       (57, 'active', 57, 2),
       (58, 'active', 58, 2),
       (59, 'active', 59, 2),
       (60, 'active', 60, 2),
       (61, 'active', 61, 2),
       (62, 'active', 62, 2),
       (63, 'active', 63, 2),
       (64, 'active', 64, 2),
       (65, 'active', 65, 2),
       (66, 'active', 66, 2),
       (67, 'active', 67, 2),
       (68, 'active', 68, 2),
       (69, 'active', 69, 2),
       (70, 'active', 70, 2),
       (71, 'active', 71, 2),
       (72, 'active', 72, 2),
       (73, 'active', 73, 2),
       (74, 'active', 74, 2),
       (75, 'active', 75, 2),
       (76, 'active', 76, 2),
       (77, 'active', 77, 2),
       (78, 'active', 78, 2),
       (79, 'active', 79, 2),
       (80, 'active', 80, 2),
       (81, 'active', 81, 2),
       (82, 'active', 82, 2),
       (83, 'active', 83, 2),
       (84, 'active', 84, 2),
       (85, 'active', 85, 2),
       (86, 'active', 86, 2),
       (87, 'active', 87, 2),
       (88, 'active', 88, 2),
       (89, 'active', 89, 2),
       (90, 'active', 90, 2),
       (91, 'active', 91, 2),
       (92, 'active', 92, 2),
       (93, 'active', 93, 2),
       (94, 'active', 94, 2),
       (95, 'active', 95, 2),
       (96, 'active', 96, 2),
       (97, 'active', 97, 2),
       (98, 'active', 98, 2),
       (99, 'active', 99, 2),
       (100, 'active', 100, 2),
       (101, 'active', 101, 2),
       (102, 'active', 102, 2),
       (103, 'active', 103, 2),
       (104, 'active', 104, 2),
       (105, 'active', 105, 2),
       (106, 'active', 106, 2),
       (107, 'active', 107, 2),
       (108, 'active', 108, 2),
       (109, 'active', 109, 2),
       (110, 'active', 110, 2),
       (111, 'active', 111, 2),
       (128, 'active', 112, 2),
       (130, 'active', 114, 2);


insert into cards (card_id, card_number, pin, status, type_id, user_id)
values (1, 1111111111111111, 8051, 'active', 1, 1),
       (2, 1111111111111112, 5591, 'active', 1, 2),
       (4, 2222222222222213, 8303, 'active', 2, 3),
       (5, 2222222222222214, 3450, 'active', 2, 4),
       (6, 2222222222222215, 7119, 'active', 2, 5),
       (7, 2222222222222216, 6244, 'active', 2, 6),
       (8, 2222222222222217, 8865, 'active', 2, 7),
       (9, 2222222222222218, 6594, 'active', 2, 8),
       (10, 2222222222222219, 5374, 'active', 2, 9),
       (11, 2222222222222220, 6088, 'active', 2, 10),
       (12, 2222222222222221, 4320, 'active', 2, 11),
       (13, 2222222222222222, 2335, 'active', 2, 12),
       (14, 2222222222222223, 6715, 'active', 2, 13),
       (15, 2222222222222224, 7571, 'active', 2, 14),
       (16, 2222222222222225, 7709, 'active', 2, 15),
       (17, 2222222222222226, 5833, 'active', 2, 16),
       (18, 2222222222222227, 5041, 'active', 2, 17),
       (19, 2222222222222228, 6704, 'active', 2, 18),
       (20, 2222222222222229, 8398, 'active', 2, 19),
       (21, 2222222222222230, 2877, 'active', 2, 20),
       (22, 2222222222222231, 6195, 'active', 2, 21),
       (23, 2222222222222232, 3341, 'active', 2, 22),
       (24, 2222222222222233, 6123, 'active', 2, 23),
       (25, 2222222222222234, 1590, 'active', 2, 24),
       (26, 2222222222222235, 6583, 'active', 2, 25),
       (27, 2222222222222236, 9145, 'active', 2, 26),
       (28, 2222222222222237, 6975, 'active', 2, 27),
       (29, 2222222222222238, 6442, 'active', 2, 28),
       (30, 2222222222222239, 1287, 'active', 2, 29),
       (31, 2222222222222240, 4107, 'active', 2, 30),
       (32, 2222222222222241, 6677, 'active', 2, 31),
       (33, 2222222222222242, 2063, 'active', 2, 32),
       (34, 2222222222222243, 7285, 'active', 2, 33),
       (35, 2222222222222244, 2237, 'active', 2, 34),
       (36, 2222222222222245, 6331, 'active', 2, 35),
       (37, 2222222222222246, 5946, 'active', 2, 36),
       (38, 2222222222222247, 9734, 'active', 2, 37),
       (39, 2222222222222248, 2835, 'active', 2, 38),
       (40, 2222222222222249, 1974, 'active', 2, 39),
       (41, 2222222222222250, 9366, 'active', 2, 40),
       (42, 2222222222222251, 3905, 'active', 2, 41),
       (43, 2222222222222252, 8431, 'active', 2, 42),
       (44, 2222222222222253, 2439, 'active', 2, 43),
       (45, 2222222222222254, 3904, 'active', 2, 44),
       (46, 2222222222222255, 2202, 'active', 2, 45),
       (47, 2222222222222256, 7297, 'active', 2, 46),
       (48, 2222222222222257, 1881, 'active', 2, 47),
       (49, 2222222222222258, 4513, 'active', 2, 48),
       (50, 2222222222222259, 6922, 'active', 2, 49),
       (51, 2222222222222260, 2074, 'active', 2, 50),
       (52, 2222222222222261, 6602, 'active', 2, 51),
       (53, 2222222222222262, 7789, 'active', 2, 52),
       (54, 2222222222222263, 9139, 'active', 2, 53),
       (55, 2222222222222264, 3327, 'active', 2, 54),
       (56, 2222222222222265, 6222, 'active', 2, 55),
       (57, 2222222222222266, 2128, 'active', 2, 56),
       (58, 2222222222222267, 8973, 'active', 2, 57),
       (59, 2222222222222268, 1481, 'active', 2, 58),
       (60, 2222222222222269, 6487, 'active', 2, 59),
       (61, 2222222222222270, 8993, 'active', 2, 60),
       (62, 2222222222222271, 6503, 'active', 2, 61),
       (63, 2222222222222272, 4539, 'active', 2, 62),
       (64, 2222222222222273, 2184, 'active', 2, 63),
       (65, 2222222222222274, 5306, 'active', 2, 64),
       (66, 2222222222222275, 9976, 'active', 2, 65),
       (67, 2222222222222276, 5961, 'active', 2, 66),
       (68, 2222222222222277, 7881, 'active', 2, 67),
       (69, 2222222222222278, 2521, 'active', 2, 68),
       (70, 2222222222222279, 5964, 'active', 2, 69),
       (71, 2222222222222280, 3256, 'active', 2, 70),
       (72, 2222222222222281, 6387, 'active', 2, 71),
       (73, 2222222222222282, 3168, 'active', 2, 72),
       (74, 2222222222222283, 4681, 'active', 2, 73),
       (75, 2222222222222284, 3901, 'active', 2, 74),
       (76, 2222222222222285, 4462, 'active', 2, 75),
       (77, 2222222222222286, 9608, 'active', 2, 76),
       (78, 2222222222222287, 6656, 'active', 2, 77),
       (79, 2222222222222288, 3454, 'active', 2, 78),
       (80, 2222222222222289, 5306, 'active', 2, 79),
       (81, 2222222222222290, 6165, 'active', 2, 80),
       (82, 2222222222222291, 4907, 'active', 2, 81),
       (83, 2222222222222292, 5041, 'active', 2, 82),
       (84, 2222222222222293, 9485, 'active', 2, 83),
       (85, 2222222222222294, 4304, 'active', 2, 84),
       (86, 2222222222222295, 1065, 'active', 2, 85),
       (87, 2222222222222296, 9412, 'active', 2, 86),
       (88, 2222222222222297, 6868, 'active', 2, 87),
       (89, 2222222222222298, 5102, 'active', 2, 88),
       (90, 2222222222222299, 3907, 'active', 2, 89),
       (91, 2222222222222300, 3231, 'active', 2, 90),
       (92, 2222222222222301, 3432, 'active', 2, 91),
       (93, 2222222222222302, 6471, 'active', 2, 92),
       (94, 2222222222222303, 3056, 'active', 2, 93),
       (95, 2222222222222304, 3870, 'active', 2, 94),
       (96, 2222222222222305, 9180, 'active', 2, 95),
       (97, 2222222222222306, 6291, 'active', 2, 96),
       (98, 2222222222222307, 2917, 'active', 2, 97),
       (99, 2222222222222308, 3710, 'active', 2, 98),
       (100, 2222222222222309, 8801, 'active', 2, 99),
       (101, 2222222222222310, 4875, 'active', 2, 100),
       (102, 2222222222222311, 5972, 'active', 2, 101),
       (103, 2222222222222312, 5234, 'active', 2, 102),
       (104, 2222222222222313, 7255, 'active', 2, 103),
       (105, 2222222222222314, 1576, 'active', 2, 104),
       (106, 2222222222222315, 3115, 'active', 2, 105),
       (107, 2222222222222316, 9845, 'active', 2, 106),
       (108, 2222222222222317, 2884, 'active', 2, 107),
       (109, 2222222222222318, 1882, 'active', 2, 108),
       (110, 2222222222222319, 8762, 'active', 2, 109),
       (111, 2222222222222320, 1163, 'active', 2, 110),
       (131, 4844280061821824, 6013, 'active', 2, 45),
       (132, 6658525827745352, 6176, 'active', 2, 45),
       (133, 2742894219159243, 6223, 'active', 2, 130);

insert into accounts (account_id, routing_number, balance, user_id)
values (1, 123456792, 8400, 3),
       (2, 123456793, 10000, 4),
       (3, 123456794, 10000, 5),
       (4, 123456795, 10000, 6),
       (5, 123456796, 10000, 7),
       (6, 123456797, 10000, 8),
       (7, 123456798, 10000, 9),
       (8, 123456799, 10000, 10),
       (9, 123456800, 10000, 11),
       (10, 123456801, 10000, 12),
       (11, 123456802, 10000, 13),
       (12, 123456803, 10000, 14),
       (13, 123456804, 10000, 15),
       (14, 123456805, 10000, 16),
       (15, 123456806, 11500, 17),
       (16, 123456807, 10000, 18),
       (17, 123456808, 10000, 19),
       (18, 123456809, 10000, 20),
       (19, 123456810, 10000, 21),
       (20, 123456811, 10000, 22),
       (21, 123456812, 10000, 23),
       (22, 123456813, 10000, 24),
       (23, 123456814, 10000, 25),
       (24, 123456815, 10000, 26),
       (25, 123456816, 10000, 27),
       (26, 123456817, 10000, 28),
       (27, 123456818, 10000, 29),
       (28, 123456819, 10000, 30),
       (29, 123456820, 10000, 31),
       (30, 123456821, 10000, 32),
       (31, 123456822, 10000, 33),
       (32, 123456823, 10000, 34),
       (33, 123456824, 10000, 35),
       (34, 123456825, 10000, 36),
       (35, 123456826, 10000, 37),
       (36, 123456827, 10000, 38),
       (37, 123456828, 10000, 39),
       (38, 123456829, 10000, 40),
       (39, 123456830, 10000, 41),
       (40, 123456831, 10000, 42),
       (41, 123456832, 10000, 43),
       (42, 123456833, 10000, 44),
       (43, 123456834, 10000, 45),
       (44, 123456835, 10000, 46),
       (45, 123456836, 10000, 47),
       (46, 123456837, 10000, 48),
       (47, 123456838, 10000, 49),
       (48, 123456839, 10000, 50),
       (49, 123456840, 10000, 51),
       (50, 123456841, 10000, 52),
       (51, 123456842, 10000, 53),
       (52, 123456843, 10000, 54),
       (53, 123456844, 10000, 55),
       (54, 123456845, 10000, 56),
       (55, 123456846, 10000, 57),
       (56, 123456847, 10000, 58),
       (57, 123456848, 10000, 59),
       (58, 123456849, 10000, 60),
       (59, 123456850, 10000, 61),
       (60, 123456851, 10000, 62),
       (61, 123456852, 10000, 63),
       (62, 123456853, 10000, 64),
       (63, 123456854, 10000, 65),
       (64, 123456855, 10000, 66),
       (65, 123456856, 10000, 67),
       (66, 123456857, 10000, 68),
       (67, 123456858, 10000, 69),
       (68, 123456859, 10000, 70),
       (69, 123456860, 10000, 71),
       (70, 123456861, 10000, 72),
       (71, 123456862, 10000, 73),
       (72, 123456863, 10000, 74),
       (73, 123456864, 10000, 75),
       (74, 123456865, 10000, 76),
       (75, 123456866, 10000, 77),
       (76, 123456867, 10000, 78),
       (77, 123456868, 10000, 79),
       (78, 123456869, 10000, 80),
       (79, 123456870, 10000, 81),
       (80, 123456871, 10000, 82),
       (81, 123456872, 10000, 83),
       (82, 123456873, 10000, 84),
       (83, 123456874, 10000, 85),
       (84, 123456875, 10000, 86),
       (85, 123456876, 10000, 87),
       (86, 123456877, 10000, 88),
       (87, 123456878, 10000, 89),
       (88, 123456879, 10000, 90),
       (89, 123456880, 10000, 91),
       (90, 123456881, 10000, 92),
       (91, 123456882, 10000, 93),
       (92, 123456883, 10000, 94),
       (93, 123456884, 10000, 95),
       (94, 123456885, 10000, 96),
       (95, 123456886, 10000, 97),
       (96, 123456887, 10000, 98),
       (97, 123456888, 10000, 99),
       (98, 123456889, 10000, 100),
       (99, 123456890, 10000, 101),
       (100, 123456891, 10000, 102),
       (101, 123456892, 10000, 103),
       (102, 123456893, 10000, 104),
       (103, 123456894, 10000, 105),
       (104, 123456895, 10000, 106),
       (105, 123456896, 10000, 107),
       (106, 123456897, 10000, 108),
       (107, 123456898, 10000, 109),
       (108, 123456899, 10000, 110),
       (109, 123456900, 10000, 111),
       (128, 123456, 10000, 130),
       (134, 123456780, 5000, 2);

INSERT INTO "event_types" ("name")
VALUES ('Log In'),
       ('Log Out'),
       ('Lock Card'),
       ('Transaction Query'),
       ('Print Receipt'),
       ('Change Pin'),
       ('Unlock Card Request'),
       ('Withdrawal'),
       ('Deposit'),
       ('Transfer'),
       ('Balance Inquiry'),
       ('User Creation'),
       ('Account Creation'),
       ('Card Creation'),
       ('Admin Creation'),
       ('User Removal'),
       ('Account Removal'),
       ('Card Removal'),
       ('Admin Removal'),
       ('Unlock Card'),
       ('Balance Adjustment'),
       ('Accounts Query'),
       ('Users Query'),
       ('Cards Query'),
       ('Events Query'),
       ('Transactions Query');

insert into events (event_id, datetime, card_id, type_id)
values (1, '2023-07-13 12:15:36.0.0', 1, 3),
       (2, '2023-07-13 12:15:36.0', 2, 2),
       (4, '2023-07-13 12:15:36.0', 1, 23),
       (5, '2023-07-13 12:15:36.0', 2, 21),
       (7, '2023-07-13 12:15:36.0', 4, 8),
       (8, '2023-07-13 12:15:36.0', 5, 5),
       (9, '2023-07-13 12:15:36.0', 6, 11),
       (10, '2023-07-13 12:15:36.0', 7, 7),
       (11, '2023-07-13 12:15:36.0', 8, 2),
       (12, '2023-07-13 12:15:36.0', 9, 11),
       (13, '2023-07-13 12:15:36.0', 10, 4),
       (14, '2023-07-13 12:15:36.0', 11, 7),
       (15, '2023-07-13 12:15:36.0', 12, 4),
       (16, '2023-07-13 12:15:36.0', 13, 7),
       (17, '2023-07-13 12:15:36.0', 14, 10),
       (18, '2023-07-13 12:15:36.0', 15, 8),
       (19, '2023-07-13 12:15:36.0', 16, 9),
       (20, '2023-07-13 12:15:36.0', 17, 11),
       (21, '2023-07-13 12:15:36.0', 18, 3),
       (22, '2023-07-13 12:15:36.0', 19, 5),
       (23, '2023-07-13 12:15:36.0', 20, 5),
       (24, '2023-07-13 12:15:36.0', 21, 10),
       (25, '2023-07-13 12:15:36.0', 22, 1),
       (26, '2023-07-13 12:15:36.0', 23, 6),
       (27, '2023-07-13 12:15:36.0', 24, 5),
       (28, '2023-07-13 12:15:36.0', 25, 8),
       (29, '2023-07-13 12:15:36.0', 26, 11),
       (30, '2023-07-13 12:15:36.0', 27, 11),
       (31, '2023-07-13 12:15:36.0', 28, 10),
       (32, '2023-07-13 12:15:36.0', 29, 5),
       (33, '2023-07-13 12:15:36.0', 30, 4),
       (34, '2023-07-13 12:15:36.0', 31, 4),
       (35, '2023-07-13 12:15:36.0', 32, 7),
       (36, '2023-07-13 12:15:36.0', 33, 1),
       (37, '2023-07-13 12:15:36.0', 34, 5),
       (38, '2023-07-13 12:15:36.0', 35, 10),
       (39, '2023-07-13 12:15:36.0', 36, 11),
       (40, '2023-07-13 12:15:36.0', 37, 6),
       (41, '2023-07-13 12:15:36.0', 38, 5),
       (42, '2023-07-13 12:15:36.0', 39, 6),
       (43, '2023-07-13 12:15:36.0', 40, 6),
       (44, '2023-07-13 12:15:36.0', 41, 9),
       (45, '2023-07-13 12:15:36.0', 42, 4),
       (46, '2023-07-13 12:15:36.0', 43, 5),
       (47, '2023-07-13 12:15:36.0', 44, 3),
       (48, '2023-07-13 12:15:36.0', 45, 10),
       (49, '2023-07-13 12:15:36.0', 46, 5),
       (50, '2023-07-13 12:15:36.0', 47, 9),
       (51, '2023-07-13 12:15:36.0', 48, 4),
       (52, '2023-07-13 12:15:36.0', 49, 5),
       (53, '2023-07-13 12:15:36.0', 50, 4),
       (54, '2023-07-13 12:15:36.0', 51, 1),
       (55, '2023-07-13 12:15:36.0', 52, 4),
       (56, '2023-07-13 12:15:36.0', 53, 6),
       (57, '2023-07-13 12:15:36.0', 54, 8),
       (58, '2023-07-13 12:15:36.0', 55, 8),
       (59, '2023-07-13 12:15:36.0', 56, 5),
       (60, '2023-07-13 12:15:36.0', 57, 3),
       (61, '2023-07-13 12:15:36.0', 58, 8),
       (62, '2023-07-13 12:15:36.0', 59, 8),
       (63, '2023-07-13 12:15:36.0', 60, 6),
       (64, '2023-07-13 12:15:36.0', 61, 6),
       (65, '2023-07-13 12:15:36.0', 62, 10),
       (66, '2023-07-13 12:15:36.0', 63, 8),
       (67, '2023-07-13 12:15:36.0', 64, 11),
       (68, '2023-07-13 12:15:36.0', 65, 7),
       (69, '2023-07-13 12:15:36.0', 66, 5),
       (70, '2023-07-13 12:15:36.0', 67, 11),
       (71, '2023-07-13 12:15:36.0', 68, 9),
       (72, '2023-07-13 12:15:36.0', 69, 10),
       (73, '2023-07-13 12:15:36.0', 70, 1),
       (74, '2023-07-13 12:15:36.0', 71, 8),
       (75, '2023-07-13 12:15:36.0', 72, 4),
       (76, '2023-07-13 12:15:36.0', 73, 7),
       (77, '2023-07-13 12:15:36.0', 74, 11),
       (78, '2023-07-13 12:15:36.0', 75, 11),
       (79, '2023-07-13 12:15:36.0', 76, 11),
       (80, '2023-07-13 12:15:36.0', 77, 9),
       (81, '2023-07-13 12:15:36.0', 78, 11),
       (82, '2023-07-13 12:15:36.0', 79, 8),
       (83, '2023-07-13 12:15:36.0', 80, 3),
       (84, '2023-07-13 12:15:36.0', 81, 5),
       (85, '2023-07-13 12:15:36.0', 82, 3),
       (86, '2023-07-13 12:15:36.0', 83, 1),
       (87, '2023-07-13 12:15:36.0', 84, 4),
       (88, '2023-07-13 12:15:36.0', 85, 8),
       (89, '2023-07-13 12:15:36.0', 86, 6),
       (90, '2023-07-13 12:15:36.0', 87, 5),
       (91, '2023-07-13 12:15:36.0', 88, 7),
       (92, '2023-07-13 12:15:36.0', 89, 6),
       (93, '2023-07-13 12:15:36.0', 90, 11),
       (94, '2023-07-13 12:15:36.0', 91, 1),
       (95, '2023-07-13 12:15:36.0', 92, 6),
       (96, '2023-07-13 12:15:36.0', 93, 4),
       (97, '2023-07-13 12:15:36.0', 94, 3),
       (98, '2023-07-13 12:15:36.0', 95, 11),
       (99, '2023-07-13 12:15:36.0', 96, 3),
       (100, '2023-07-13 12:15:36.0', 97, 3),
       (101, '2023-07-13 12:15:36.0', 98, 4),
       (102, '2023-07-13 12:15:36.0', 99, 1),
       (103, '2023-07-13 12:15:36.0', 100, 2),
       (104, '2023-07-13 12:15:36.0', 101, 5),
       (105, '2023-07-13 12:15:36.0', 102, 10),
       (106, '2023-07-13 12:15:36.0', 103, 3),
       (107, '2023-07-13 12:15:36.0', 104, 5),
       (108, '2023-07-13 12:15:36.0', 105, 3),
       (109, '2023-07-13 12:15:36.0', 106, 2),
       (110, '2023-07-13 12:15:36.0', 107, 10),
       (111, '2023-07-13 12:15:36.0', 108, 1),
       (112, '2023-07-13 12:15:36.0', 109, 8),
       (113, '2023-07-13 12:15:36.0', 110, 3),
       (114, '2023-07-13 12:15:36.0', 111, 3),
       (134, '2023-07-13 12:15:36.0', 4, 9),
       (135, '2023-07-13 12:15:36.0', 5, 9),
       (136, '2023-07-13 12:15:36.0', 6, 8),
       (137, '2023-07-13 12:15:36.0', 7, 9),
       (138, '2023-07-13 12:15:36.0', 8, 10),
       (139, '2023-07-13 12:15:36.0', 9, 9),
       (140, '2023-07-13 12:15:36.0', 10, 8),
       (141, '2023-07-13 12:15:36.0', 11, 8),
       (142, '2023-07-13 12:15:36.0', 12, 10),
       (143, '2023-07-13 12:15:36.0', 13, 11),
       (144, '2023-07-13 12:15:36.0', 14, 11),
       (145, '2023-07-13 12:15:36.0', 15, 9),
       (146, '2023-07-13 12:15:36.0', 16, 11),
       (147, '2023-07-13 12:15:36.0', 17, 10),
       (148, '2023-07-13 12:15:36.0', 18, 11),
       (149, '2023-07-13 12:15:36.0', 19, 11),
       (150, '2023-07-13 12:15:36.0', 20, 10),
       (151, '2023-07-13 12:15:36.0', 21, 10),
       (152, '2023-07-13 12:15:36.0', 22, 8),
       (153, '2023-07-13 12:15:36.0', 23, 8),
       (154, '2023-07-13 12:15:36.0', 24, 8),
       (155, '2023-07-13 12:15:36.0', 25, 11),
       (156, '2023-07-13 12:15:36.0', 26, 9),
       (157, '2023-07-13 12:15:36.0', 27, 10),
       (158, '2023-07-13 12:15:36.0', 28, 9),
       (159, '2023-07-13 12:15:36.0', 29, 8),
       (160, '2023-07-13 12:15:36.0', 30, 9),
       (161, '2023-07-13 12:15:36.0', 31, 10),
       (162, '2023-07-13 12:15:36.0', 32, 9),
       (163, '2023-07-13 12:15:36.0', 33, 8),
       (164, '2023-07-13 12:15:36.0', 34, 9),
       (165, '2023-07-13 12:15:36.0', 35, 8),
       (166, '2023-07-13 12:15:36.0', 36, 11),
       (167, '2023-07-13 12:15:36.0', 37, 10),
       (168, '2023-07-13 12:15:36.0', 38, 10),
       (169, '2023-07-13 12:15:36.0', 39, 9),
       (170, '2023-07-13 12:15:36.0', 40, 9),
       (171, '2023-07-13 12:15:36.0', 41, 8),
       (172, '2023-07-13 12:15:36.0', 42, 11),
       (173, '2023-07-13 12:15:36.0', 43, 8),
       (174, '2023-07-13 12:15:36.0', 44, 8),
       (175, '2023-07-13 12:15:36.0', 45, 8),
       (176, '2023-07-13 12:15:36.0', 46, 10),
       (177, '2023-07-13 12:15:36.0', 47, 8),
       (178, '2023-07-13 12:15:36.0', 48, 9),
       (179, '2023-07-13 12:15:36.0', 49, 10),
       (180, '2023-07-13 12:15:36.0', 50, 8),
       (181, '2023-07-13 12:15:36.0', 51, 11),
       (182, '2023-07-13 12:15:36.0', 52, 10),
       (183, '2023-07-13 12:15:36.0', 53, 10),
       (184, '2023-07-13 12:15:36.0', 54, 11),
       (185, '2023-07-13 12:15:36.0', 55, 8),
       (186, '2023-07-13 12:15:36.0', 56, 11),
       (187, '2023-07-13 12:15:36.0', 57, 8),
       (188, '2023-07-13 12:15:36.0', 58, 10),
       (189, '2023-07-13 12:15:36.0', 59, 10),
       (190, '2023-07-13 12:15:36.0', 60, 10),
       (191, '2023-07-13 12:15:36.0', 61, 11),
       (192, '2023-07-13 12:15:36.0', 62, 8),
       (193, '2023-07-13 12:15:36.0', 63, 11),
       (194, '2023-07-13 12:15:36.0', 64, 9),
       (195, '2023-07-13 12:15:36.0', 65, 11),
       (196, '2023-07-13 12:15:36.0', 66, 11),
       (197, '2023-07-13 12:15:36.0', 67, 9),
       (198, '2023-07-13 12:15:36.0', 68, 10),
       (199, '2023-07-13 12:15:36.0', 69, 9),
       (200, '2023-07-13 12:15:36.0', 70, 8),
       (201, '2023-07-13 12:15:36.0', 71, 11),
       (202, '2023-07-13 12:15:36.0', 72, 9),
       (203, '2023-07-13 12:15:36.0', 73, 8),
       (204, '2023-07-13 12:15:36.0', 74, 9),
       (205, '2023-07-13 12:15:36.0', 75, 11),
       (206, '2023-07-13 12:15:36.0', 76, 8),
       (207, '2023-07-13 12:15:36.0', 77, 11),
       (208, '2023-07-13 12:15:36.0', 78, 9),
       (209, '2023-07-13 12:15:36.0', 79, 9),
       (210, '2023-07-13 12:15:36.0', 80, 8),
       (211, '2023-07-13 12:15:36.0', 81, 11),
       (212, '2023-07-13 12:15:36.0', 82, 9),
       (213, '2023-07-13 12:15:36.0', 83, 10),
       (214, '2023-07-13 12:15:36.0', 84, 11),
       (215, '2023-07-13 12:15:36.0', 85, 11),
       (216, '2023-07-13 12:15:36.0', 86, 11),
       (217, '2023-07-13 12:15:36.0', 87, 8),
       (218, '2023-07-13 12:15:36.0', 88, 10),
       (219, '2023-07-13 12:15:36.0', 89, 9),
       (220, '2023-07-13 12:15:36.0', 90, 10),
       (221, '2023-07-13 12:15:36.0', 91, 11),
       (222, '2023-07-13 12:15:36.0', 92, 9),
       (223, '2023-07-13 12:15:36.0', 93, 8),
       (224, '2023-07-13 12:15:36.0', 94, 11),
       (225, '2023-07-13 12:15:36.0', 95, 10),
       (226, '2023-07-13 12:15:36.0', 96, 10),
       (227, '2023-07-13 12:15:36.0', 97, 9),
       (228, '2023-07-13 12:15:36.0', 98, 11),
       (229, '2023-07-13 12:15:36.0', 99, 9),
       (230, '2023-07-13 12:15:36.0', 100, 9),
       (231, '2023-07-13 12:15:36.0', 101, 8),
       (232, '2023-07-13 12:15:36.0', 102, 11),
       (233, '2023-07-13 12:15:36.0', 103, 10),
       (234, '2023-07-13 12:15:36.0', 104, 8),
       (235, '2023-07-13 12:15:36.0', 105, 9),
       (236, '2023-07-13 12:15:36.0', 106, 10),
       (237, '2023-07-13 12:15:36.0', 107, 11),
       (238, '2023-07-13 12:15:36.0', 108, 8),
       (239, '2023-07-13 12:15:36.0', 109, 9),
       (240, '2023-07-13 12:15:36.0', 110, 9),
       (241, '2023-07-13 12:15:36.0', 111, 10),
       (261, '2023-07-13 12:16:06.0', 1, 1),
       (262, '2023-07-13 12:16:50.0', 1, 4),
       (263, '2023-07-13 12:17:24.0', 1, 4),
       (264, '2023-07-13 12:17:32.0', 1, 4),
       (265, '2023-07-13 12:18:21.0', 1, 1),
       (266, '2023-07-13 12:18:27.0', 1, 4),
       (267, '2023-07-13 12:18:44.0', 1, 4),
       (268, '2023-07-13 12:18:54.0', 1, 4),
       (269, '2023-07-13 12:19:15.0', 1, 2),
       (270, '2023-07-13 14:09:37.0', 1, 1),
       (271, '2023-07-13 14:16:45.0', 1, 1),
       (272, '2023-07-13 14:22:48.0', 1, 14),
       (273, '2023-07-13 14:24:00.0', 1, 2),
       (274, '2023-07-13 14:25:45.0', 1, 1),
       (275, '2023-07-13 14:26:09.0', 1, 6),
       (276, '2023-07-13 14:26:16.0', 1, 6),
       (277, '2023-07-13 14:26:22.0', 1, 2),
       (278, '2023-07-13 14:29:46.0', 1, 1),
       (279, '2023-07-13 14:30:02.0', 1, 14),
       (280, '2023-07-13 14:30:38.0', 1, 12),
       (281, '2023-07-13 14:31:36.0', 1, 2),
       (282, '2023-07-13 14:31:48.0', 1, 1),
       (283, '2023-07-13 14:45:30.0', 1, 2),
       (284, '2023-07-13 17:01:54.0', 1, 1),
       (285, '2023-07-13 17:02:21.0', 1, 22),
       (286, '2023-07-13 17:06:52.0', 1, 1),
       (287, '2023-07-13 17:07:23.0', 1, 2),
       (288, '2023-07-13 17:08:00.0', 1, 1),
       (289, '2023-07-13 17:46:55.0', 1, 1),
       (290, '2023-07-13 17:47:23.0', 1, 2),
       (291, '2023-07-13 17:57:55.0', 4, 1),
       (292, '2023-07-13 17:58:59.0', 1, 1),
       (293, '2023-07-13 18:00:50.0', 1, 22),
       (294, '2023-07-13 18:01:13.0', 1, 1),
       (295, '2023-07-13 18:02:41.0', 1, 1),
       (296, '2023-07-13 18:08:19.0', 4, 1),
       (297, '2023-07-13 18:08:29.0', 4, 8),
       (298, '2023-07-13 18:08:36.0', 4, 11),
       (299, '2023-07-13 18:08:41.0', 4, 2),
       (300, '2023-07-13 18:08:51.0', 1, 1),
       (301, '2023-07-13 18:10:11.0', 1, 6),
       (302, '2023-07-13 18:10:14.0', 1, 2),
       (303, '2023-07-13 18:10:23.0', 1, 1),
       (304, '2023-07-13 18:10:28.0', 1, 6),
       (305, '2023-07-13 18:10:31.0', 1, 2),
       (306, '2023-07-13 18:22:40.0', 4, 1),
       (307, '2023-07-13 18:22:43.0', 4, 2);

insert into transactions (transaction_id, amount, status, event_id)
values (1, 100, 'approved', 7),
       (2, 100, 'approved', 18),
       (3, 100, 'approved', 28),
       (4, 100, 'approved', 57),
       (5, 100, 'approved', 58),
       (6, 100, 'approved', 61),
       (7, 100, 'approved', 62),
       (8, 100, 'approved', 66),
       (9, 100, 'approved', 74),
       (10, 100, 'approved', 82),
       (11, 100, 'approved', 88),
       (12, 100, 'approved', 112),
       (13, 100, 'approved', 136),
       (14, 100, 'approved', 140),
       (15, 100, 'approved', 141),
       (16, 100, 'approved', 152),
       (17, 100, 'approved', 153),
       (18, 100, 'approved', 154),
       (19, 100, 'approved', 159),
       (20, 100, 'approved', 163),
       (21, 100, 'approved', 165),
       (22, 100, 'approved', 171),
       (23, 100, 'approved', 173),
       (24, 100, 'approved', 174),
       (25, 100, 'approved', 175),
       (26, 100, 'approved', 177),
       (27, 100, 'approved', 180),
       (28, 100, 'approved', 185),
       (29, 100, 'approved', 187),
       (30, 100, 'approved', 192),
       (31, 100, 'approved', 200),
       (32, 100, 'approved', 203),
       (33, 100, 'approved', 206),
       (34, 100, 'approved', 210),
       (35, 100, 'approved', 217),
       (36, 100, 'approved', 223),
       (37, 100, 'approved', 231),
       (38, 100, 'approved', 234),
       (39, 100, 'approved', 238),
       (40, 100, 'approved', 19),
       (41, 100, 'approved', 44),
       (42, 100, 'approved', 50),
       (43, 100, 'approved', 71),
       (44, 100, 'approved', 80),
       (45, 100, 'approved', 134),
       (46, 100, 'approved', 135),
       (47, 100, 'approved', 137),
       (48, 100, 'approved', 139),
       (49, 100, 'approved', 145),
       (50, 100, 'approved', 156),
       (51, 100, 'approved', 158),
       (52, 100, 'approved', 160),
       (53, 100, 'approved', 162),
       (54, 100, 'approved', 164),
       (55, 100, 'approved', 169),
       (56, 100, 'approved', 170),
       (57, 100, 'approved', 178),
       (58, 100, 'approved', 194),
       (59, 100, 'approved', 197),
       (60, 100, 'approved', 199),
       (61, 100, 'approved', 202),
       (62, 100, 'approved', 204),
       (63, 100, 'approved', 208),
       (64, 100, 'approved', 209),
       (65, 100, 'approved', 212),
       (66, 100, 'approved', 219),
       (67, 100, 'approved', 222),
       (68, 100, 'approved', 227),
       (69, 100, 'approved', 229),
       (70, 100, 'approved', 230),
       (71, 100, 'approved', 235),
       (72, 100, 'approved', 239),
       (73, 100, 'approved', 240),
       (74, 100, 'approved', 17),
       (75, 100, 'approved', 24),
       (76, 100, 'approved', 31),
       (77, 100, 'approved', 38),
       (78, 100, 'approved', 48),
       (79, 100, 'approved', 65),
       (80, 100, 'approved', 72),
       (81, 100, 'approved', 105),
       (82, 100, 'approved', 110),
       (83, 100, 'approved', 138),
       (84, 100, 'approved', 142),
       (85, 100, 'approved', 147),
       (86, 100, 'approved', 150),
       (87, 100, 'approved', 151),
       (88, 100, 'approved', 157),
       (89, 100, 'approved', 161),
       (90, 100, 'approved', 167),
       (91, 100, 'approved', 168),
       (92, 100, 'approved', 176),
       (93, 100, 'approved', 179),
       (94, 100, 'approved', 182),
       (95, 100, 'approved', 183),
       (96, 100, 'approved', 188),
       (97, 100, 'approved', 189),
       (98, 100, 'approved', 190),
       (99, 100, 'approved', 198),
       (100, 100, 'approved', 213),
       (101, 100, 'approved', 218),
       (102, 100, 'approved', 220),
       (103, 100, 'approved', 225),
       (104, 100, 'approved', 226),
       (105, 100, 'approved', 233),
       (106, 100, 'approved', 236),
       (107, 100, 'approved', 241),
       (108, 100, 'approved', 9),
       (109, 100, 'approved', 12),
       (110, 100, 'approved', 20),
       (111, 100, 'approved', 29),
       (112, 100, 'approved', 30),
       (113, 100, 'approved', 39),
       (114, 100, 'approved', 67),
       (115, 100, 'approved', 70),
       (116, 100, 'approved', 77),
       (117, 100, 'approved', 78),
       (118, 100, 'approved', 79),
       (119, 100, 'approved', 81),
       (120, 100, 'approved', 93),
       (121, 100, 'approved', 98),
       (122, 100, 'approved', 143),
       (123, 100, 'approved', 144),
       (124, 100, 'approved', 146),
       (125, 100, 'approved', 148),
       (126, 100, 'approved', 149),
       (127, 100, 'approved', 155),
       (128, 100, 'approved', 166),
       (129, 100, 'approved', 172),
       (130, 100, 'approved', 181),
       (131, 100, 'approved', 184),
       (132, 100, 'approved', 186),
       (133, 100, 'approved', 191),
       (134, 100, 'approved', 193),
       (135, 100, 'approved', 195),
       (136, 100, 'approved', 196),
       (137, 100, 'approved', 201),
       (138, 100, 'approved', 205),
       (139, 100, 'approved', 207),
       (140, 100, 'approved', 211),
       (141, 100, 'approved', 214),
       (142, 100, 'approved', 215),
       (143, 100, 'approved', 216),
       (144, 100, 'approved', 221),
       (145, 100, 'approved', 224),
       (146, 100, 'approved', 228),
       (147, 100, 'approved', 232),
       (148, 100, 'approved', 237),
       (256, 100, 'approved', 297),
       (257, 0, 'approved', 298),
       (258, 1500, 'approved', 329),
       (259, 100, 'approved', 337);

UPDATE "cards"
SET pin = 8051
WHERE card_number = 1111111111111111;
UPDATE "cards"
SET pin = 8303
WHERE card_number = 2222222222222213;
