insert into card_types (type_id, name)
values  (1, 'AdministratorCard'),
        (2, 'ClientCard');

insert into user_roles (role_id, name)
values  (1, 'Administrator'),
        (2, 'Client');

insert into persons (person_id, first_name, last_name)
values  (1, 'Emma', 'Wilson'),
        (2, 'Liam', 'Johnson'),
        (3, 'Olivia', 'Smith'),
        (4, 'Noah', 'Brown'),
        (5, 'Ava', 'Taylor'),
        (6, 'Sophia', 'Jones'),
        (7, 'Isabella', 'Miller'),
        (8, 'Mia', 'Davis'),
        (9, 'Charlotte', 'Anderson'),
        (10, 'Amelia', 'Wilson'),
        (11, 'Harper', 'Johnson'),
        (12, 'Evelyn', 'Smith'),
        (13, 'Abigail', 'Brown'),
        (14, 'Emily', 'Taylor'),
        (15, 'Elizabeth', 'Jones'),
        (16, 'Mila', 'Miller'),
        (17, 'Ella', 'Davis'),
        (18, 'Avery', 'Anderson'),
        (19, 'Sofia', 'Wilson'),
        (20, 'Camila', 'Johnson'),
        (21, 'Aria', 'Smith'),
        (22, 'Scarlett', 'Brown'),
        (23, 'Victoria', 'Taylor'),
        (24, 'Madison', 'Jones'),
        (25, 'Luna', 'Miller'),
        (26, 'Grace', 'Davis'),
        (27, 'Chloe', 'Anderson'),
        (28, 'Penelope', 'Wilson'),
        (29, 'Layla', 'Johnson'),
        (30, 'Riley', 'Smith'),
        (31, 'Zoey', 'Brown'),
        (32, 'Nora', 'Taylor'),
        (33, 'Lily', 'Jones'),
        (34, 'Eleanor', 'Miller'),
        (35, 'Hannah', 'Davis'),
        (36, 'Lillian', 'Anderson'),
        (37, 'Addison', 'Wilson'),
        (38, 'Aubrey', 'Johnson'),
        (39, 'Ellie', 'Smith'),
        (40, 'Stella', 'Brown');

insert into users (user_id, status, person_id, role_id)
values  (1, 'active', 1, 1),
        (2, 'active', 2, 1),
        (3, 'active', 3, 2),
        (4, 'active', 4, 2),
        (5, 'active', 5, 2),
        (6, 'active', 6, 2),
        (7, 'active', 7, 2),
        (8, 'active', 8, 2),
        (9, 'active', 9, 2),
        (10, 'active', 10, 2),
        (11, 'active', 11, 2),
        (12, 'active', 12, 2),
        (13, 'active', 13, 2),
        (14, 'active', 14, 2),
        (15, 'active', 15, 2),
        (16, 'active', 16, 2),
        (17, 'active', 17, 2),
        (18, 'active', 18, 2),
        (19, 'active', 19, 2),
        (20, 'active', 20, 2),
        (21, 'active', 21, 2),
        (22, 'active', 22, 2),
        (23, 'active', 23, 2),
        (24, 'active', 24, 2),
        (25, 'active', 25, 2),
        (26, 'active', 26, 2),
        (27, 'active', 27, 2),
        (28, 'active', 28, 2),
        (29, 'active', 29, 2),
        (30, 'active', 30, 2),
        (31, 'active', 31, 2),
        (32, 'active', 32, 2),
        (33, 'active', 33, 2),
        (34, 'active', 34, 2),
        (35, 'active', 35, 2),
        (36, 'active', 36, 2),
        (37, 'active', 37, 2),
        (38, 'active', 38, 2),
        (39, 'active', 39, 2),
        (40, 'active', 40, 2);

insert into cards (card_id, card_number, pin, status, type_id, user_id)
values  (1, 1111111111111111, 8051, 'active', 1, 1),
        (2, 1111111111111112, 6628, 'active', 1, 2),
        (4, 2222222222222213, 8303, 'active', 2, 3),
        (5, 2222222222222214, 6923, 'active', 2, 4),
        (6, 2222222222222215, 4333, 'active', 2, 5),
        (7, 2222222222222216, 8897, 'active', 2, 6),
        (8, 2222222222222217, 3487, 'active', 2, 7),
        (9, 2222222222222218, 7742, 'active', 2, 8),
        (10, 2222222222222219, 9252, 'active', 2, 9),
        (11, 2222222222222220, 4034, 'active', 2, 10),
        (12, 2222222222222221, 9415, 'active', 2, 11),
        (13, 2222222222222222, 6974, 'active', 2, 12),
        (14, 2222222222222223, 5623, 'active', 2, 13),
        (15, 2222222222222224, 6194, 'active', 2, 14),
        (16, 2222222222222225, 4101, 'active', 2, 15),
        (17, 2222222222222226, 9926, 'active', 2, 16),
        (18, 2222222222222227, 9327, 'active', 2, 17),
        (19, 2222222222222228, 6856, 'active', 2, 18),
        (20, 2222222222222229, 5301, 'active', 2, 19),
        (21, 2222222222222230, 4938, 'active', 2, 20),
        (22, 2222222222222231, 7789, 'active', 2, 21),
        (23, 2222222222222232, 5129, 'active', 2, 22),
        (24, 2222222222222233, 1281, 'active', 2, 23),
        (25, 2222222222222234, 8018, 'active', 2, 24),
        (26, 2222222222222235, 8246, 'active', 2, 25),
        (27, 2222222222222236, 7176, 'active', 2, 26),
        (28, 2222222222222237, 1145, 'active', 2, 27),
        (29, 2222222222222238, 1195, 'active', 2, 28),
        (30, 2222222222222239, 1542, 'active', 2, 29),
        (31, 2222222222222240, 3124, 'active', 2, 30),
        (32, 2222222222222241, 9995, 'active', 2, 31),
        (33, 2222222222222242, 3603, 'active', 2, 32),
        (34, 2222222222222243, 5032, 'active', 2, 33),
        (35, 2222222222222244, 4351, 'active', 2, 34),
        (36, 2222222222222245, 5660, 'active', 2, 35),
        (37, 2222222222222246, 5247, 'active', 2, 36),
        (38, 2222222222222247, 8257, 'active', 2, 37),
        (39, 2222222222222248, 6545, 'active', 2, 38),
        (40, 2222222222222249, 6952, 'active', 2, 39),
        (41, 2222222222222250, 5126, 'active', 2, 40);

insert into accounts (account_id, routing_number, balance, user_id)
values  (1, 123456792, 10000, 3),
        (2, 123456793, 10000, 4),
        (3, 123456794, 10000, 5),
        (4, 123456795, 10000, 6),
        (5, 123456796, 10000, 7),
        (6, 123456797, 10000, 8),
        (7, 123456798, 10000, 9),
        (8, 123456799, 10000, 10),
        (9, 123456800, 10000, 11),
        (10, 123456801, 10000, 12),
        (11, 123456802, 10000, 13),
        (12, 123456803, 10000, 14),
        (13, 123456804, 10000, 15),
        (14, 123456805, 10000, 16),
        (15, 123456806, 10000, 17),
        (16, 123456807, 10000, 18),
        (17, 123456808, 10000, 19),
        (18, 123456809, 10000, 20),
        (19, 123456810, 10000, 21),
        (20, 123456811, 10000, 22),
        (21, 123456812, 10000, 23),
        (22, 123456813, 10000, 24),
        (23, 123456814, 10000, 25),
        (24, 123456815, 10000, 26),
        (25, 123456816, 10000, 27),
        (26, 123456817, 10000, 28),
        (27, 123456818, 10000, 29),
        (28, 123456819, 10000, 30),
        (29, 123456820, 10000, 31),
        (30, 123456821, 10000, 32),
        (31, 123456822, 10000, 33),
        (32, 123456823, 10000, 34),
        (33, 123456824, 10000, 35),
        (34, 123456825, 10000, 36),
        (35, 123456826, 10000, 37),
        (36, 123456827, 10000, 38),
        (37, 123456828, 10000, 39),
        (38, 123456829, 10000, 40);

insert into event_types (type_id, name)
values  (1, 'Log In'),
        (2, 'Log Out'),
        (3, 'Lock Card'),
        (4, 'Transaction Query'),
        (5, 'Print Receipt'),
        (6, 'Change Pin'),
        (7, 'Unlock Card Request'),
        (8, 'Withdrawal'),
        (9, 'Deposit'),
        (10, 'Transfer'),
        (11, 'Balance Inquiry'),
        (12, 'User Creation'),
        (13, 'Account Creation'),
        (14, 'Card Creation'),
        (15, 'Admin Creation'),
        (16, 'User Removal'),
        (17, 'Account Removal'),
        (18, 'Card Removal'),
        (19, 'Admin Removal'),
        (20, 'Unlock Card'),
        (21, 'Balance Adjustment'),
        (22, 'Accounts Query'),
        (23, 'Users Query'),
        (24, 'Cards Query'),
        (25, 'Events Query'),
        (26, 'Transactions Query');

insert into events (event_id, datetime, card_id, type_id)
values  (1, '2023-07-14 19:06:21', 1, 2),
        (2, '2023-07-14 19:06:21', 2, 1),
        (4, '2023-07-14 19:06:21', 1, 25),
        (5, '2023-07-14 19:06:21', 2, 12),
        (7, '2023-07-14 19:06:21', 4, 5),
        (8, '2023-07-14 19:06:21', 5, 11),
        (9, '2023-07-14 19:06:21', 6, 7),
        (10, '2023-07-14 19:06:21', 7, 3),
        (11, '2023-07-14 19:06:21', 8, 5),
        (12, '2023-07-14 19:06:21', 9, 3),
        (13, '2023-07-14 19:06:21', 10, 9),
        (14, '2023-07-14 19:06:21', 11, 5),
        (15, '2023-07-14 19:06:21', 12, 8),
        (16, '2023-07-14 19:06:21', 13, 2),
        (17, '2023-07-14 19:06:21', 14, 10),
        (18, '2023-07-14 19:06:21', 15, 8),
        (19, '2023-07-14 19:06:21', 16, 9),
        (20, '2023-07-14 19:06:21', 17, 10),
        (21, '2023-07-14 19:06:21', 18, 2),
        (22, '2023-07-14 19:06:21', 19, 1),
        (23, '2023-07-14 19:06:21', 20, 10),
        (24, '2023-07-14 19:06:21', 21, 11),
        (25, '2023-07-14 19:06:21', 22, 4),
        (26, '2023-07-14 19:06:21', 23, 8),
        (27, '2023-07-14 19:06:21', 24, 5),
        (28, '2023-07-14 19:06:21', 25, 11),
        (29, '2023-07-14 19:06:21', 26, 7),
        (30, '2023-07-14 19:06:21', 27, 11),
        (31, '2023-07-14 19:06:21', 28, 3),
        (32, '2023-07-14 19:06:21', 29, 3),
        (33, '2023-07-14 19:06:21', 30, 6),
        (34, '2023-07-14 19:06:21', 31, 9),
        (35, '2023-07-14 19:06:21', 32, 6),
        (36, '2023-07-14 19:06:21', 33, 2),
        (37, '2023-07-14 19:06:21', 34, 3),
        (38, '2023-07-14 19:06:21', 35, 6),
        (39, '2023-07-14 19:06:21', 36, 11),
        (40, '2023-07-14 19:06:21', 37, 3),
        (41, '2023-07-14 19:06:21', 38, 6),
        (42, '2023-07-14 19:06:21', 39, 6),
        (43, '2023-07-14 19:06:21', 40, 4),
        (44, '2023-07-14 19:06:21', 41, 9),
        (70, '2023-07-14 19:06:21', 4, 8),
        (71, '2023-07-14 19:06:21', 5, 10),
        (72, '2023-07-14 19:06:21', 6, 8),
        (73, '2023-07-14 19:06:21', 7, 8),
        (74, '2023-07-14 19:06:21', 8, 10),
        (75, '2023-07-14 19:06:21', 9, 11),
        (76, '2023-07-14 19:06:21', 10, 9),
        (77, '2023-07-14 19:06:21', 11, 11),
        (78, '2023-07-14 19:06:21', 12, 11),
        (79, '2023-07-14 19:06:21', 13, 10),
        (80, '2023-07-14 19:06:21', 14, 11),
        (81, '2023-07-14 19:06:21', 15, 8),
        (82, '2023-07-14 19:06:21', 16, 9),
        (83, '2023-07-14 19:06:21', 17, 11),
        (84, '2023-07-14 19:06:21', 18, 10),
        (85, '2023-07-14 19:06:21', 19, 10),
        (86, '2023-07-14 19:06:21', 20, 10),
        (87, '2023-07-14 19:06:21', 21, 11),
        (88, '2023-07-14 19:06:21', 22, 8),
        (89, '2023-07-14 19:06:21', 23, 10),
        (90, '2023-07-14 19:06:21', 24, 10),
        (91, '2023-07-14 19:06:21', 25, 9),
        (92, '2023-07-14 19:06:21', 26, 9),
        (93, '2023-07-14 19:06:21', 27, 10),
        (94, '2023-07-14 19:06:21', 28, 8),
        (95, '2023-07-14 19:06:21', 29, 10),
        (96, '2023-07-14 19:06:21', 30, 8),
        (97, '2023-07-14 19:06:21', 31, 8),
        (98, '2023-07-14 19:06:21', 32, 11),
        (99, '2023-07-14 19:06:21', 33, 11),
        (100, '2023-07-14 19:06:21', 34, 10),
        (101, '2023-07-14 19:06:21', 35, 9),
        (102, '2023-07-14 19:06:21', 36, 10),
        (103, '2023-07-14 19:06:21', 37, 10),
        (104, '2023-07-14 19:06:21', 38, 9),
        (105, '2023-07-14 19:06:21', 39, 8),
        (106, '2023-07-14 19:06:21', 40, 10),
        (107, '2023-07-14 19:06:21', 41, 9);

insert into transactions (transaction_id, amount, status, event_id)
values  (1, 100, 'approved', 15),
        (2, 100, 'approved', 18),
        (3, 100, 'approved', 26),
        (4, 100, 'approved', 70),
        (5, 100, 'approved', 72),
        (6, 100, 'approved', 73),
        (7, 100, 'approved', 81),
        (8, 100, 'approved', 88),
        (9, 100, 'approved', 94),
        (10, 100, 'approved', 96),
        (11, 100, 'approved', 97),
        (12, 100, 'approved', 105),
        (13, 100, 'approved', 13),
        (14, 100, 'approved', 19),
        (15, 100, 'approved', 34),
        (16, 100, 'approved', 44),
        (17, 100, 'approved', 76),
        (18, 100, 'approved', 82),
        (19, 100, 'approved', 91),
        (20, 100, 'approved', 92),
        (21, 100, 'approved', 101),
        (22, 100, 'approved', 104),
        (23, 100, 'approved', 107),
        (24, 100, 'approved', 17),
        (25, 100, 'approved', 20),
        (26, 100, 'approved', 23),
        (27, 100, 'approved', 71),
        (28, 100, 'approved', 74),
        (29, 100, 'approved', 79),
        (30, 100, 'approved', 84),
        (31, 100, 'approved', 85),
        (32, 100, 'approved', 86),
        (33, 100, 'approved', 89),
        (34, 100, 'approved', 90),
        (35, 100, 'approved', 93),
        (36, 100, 'approved', 95),
        (37, 100, 'approved', 100),
        (38, 100, 'approved', 102),
        (39, 100, 'approved', 103),
        (40, 100, 'approved', 106),
        (41, 100, 'approved', 8),
        (42, 100, 'approved', 24),
        (43, 100, 'approved', 28),
        (44, 100, 'approved', 30),
        (45, 100, 'approved', 39),
        (46, 100, 'approved', 75),
        (47, 100, 'approved', 77),
        (48, 100, 'approved', 78),
        (49, 100, 'approved', 80),
        (50, 100, 'approved', 83),
        (51, 100, 'approved', 87),
        (52, 100, 'approved', 98),
        (53, 100, 'approved', 99);

UPDATE `cards`
SET pin = 8051 WHERE card_number = 1111111111111111;
UPDATE `cards`
SET pin = 8303 WHERE card_number = 2222222222222213;